"customer_name","rental_count"
"EleanorHunt","46"
"KarlSeal","45"
"MarciaDean","42"
"ClaraShaw","42"
"TammySanders","41"
"WesleyBull","40"
"SuePeters","40"
"RhondaKennedy","39"
"TimCary","39"
"MarionSnyder","39"
"TommyCollazo","38"
"ElizabethBrown","38"
"CurtisIrby","38"
"DaisyBates","38"
"JuneCarroll","37"
"MarshaDouglas","37"
"ElsieKelley","37"
"BrandonHuey","37"
"JustinNgo","36"
"RussellBrinson","36"
"RogerQuintanilla","36"
"MargieWade","36"
"AlexanderFennell","36"
"AngelaHernandez","36"
"RosemarySchmidt","35"
"BobbyBoudreau","35"
"PriscillaLowe","35"
"NaomiJennings","35"
"MikeWay","35"
"LeslieSeward","35"
"AlmaAustin","35"
"HarryArce","35"
"LouisLeone","35"
"MichelleClark","35"
"DianeCollins","35"
"LoisButler","35"
"BillyPoulin","35"
"JorgeOlivares","34"
"CaseyMena","34"
"MarthaGonzalez","34"
"CarriePorter","34"
"GertrudeCastillo","34"
"MinnieRomero","34"
"HeidiLarson","34"
"MorrisMccarter","34"
"CatherineCampbell","34"
"JoanneRobertson","34"
"JaniceWard","34"
"SteveMackenzie","34"
"SherryMarshall","34"
"ReginaBerry","34"
"MelissaKing","34"
"AnaBradley","34"
"HazelWarren","34"
"BrettCornwell","34"
"JessicaHall","34"
"StaceyMontgomery","34"
"RalphMadrigal","34"
"AliceStewart","33"
"JoyGeorge","33"
"AlexGresham","33"
"GraceEllis","33"
"JessieMilam","33"
"BerniceWillis","33"
"ShawnHeaton","33"
"SherriRhodes","33"
"JudithCox","33"
"JacquelineLong","33"
"CrystalFord","33"
"GeorgeLinton","33"
"TanyaGilbert","33"
"SaraPerry","33"
"ArnoldHavens","33"
"BarryLovelace","33"
"MariaMiller","33"
"JimRea","33"
"WarrenSherrod","33"
"ViolaHanson","32"
"SylviaOrtiz","32"
"CourtneyDay","32"
"VeronicaStone","32"
"EthelWebb","32"
"NeilRenner","32"
"JavierElrod","32"
"TomMilner","32"
"MaxineSilva","32"
"MitchellWestmoreland","32"
"LeonardSchofield","32"
"SallyPierce","32"
"MarySmith","32"
"OlgaJimenez","32"
"LenaJensen","32"
"GordonAllard","32"
"HaroldMartino","32"
"AngelBarclay","32"
"FrankWaggoner","32"
"CynthiaYoung","32"
"GuyBrownlee","32"
"NicholasBarfield","32"
"VirginiaGreen","32"
"LeroyBustamante","32"
"NathanRunyon","32"
"TonyaChapman","32"
"HelenHarris","32"
"GlendaFrazier","32"
"DebbieReyes","32"
"DaveGardiner","32"
"ThelmaMurray","32"
"ArthurSimpkins","32"
"CharlesKowalski","32"
"MarjorieTucker","32"
"JuliaFlores","32"
"PatrickNewsom","31"
"EllaOliver","31"
"JohnFarnsworth","31"
"DianneShelton","31"
"ChristopherGreco","31"
"VickieBrewer","31"
"RamonChoate","31"
"PhilipCausey","31"
"LoriWood","31"
"TheodoreCulp","31"
"MatthewMahan","31"
"MaeFletcher","31"
"ChristyVargas","31"
"GladysHamilton","31"
"HollyFox","31"
"DuaneTubbs","31"
"KristinJohnston","31"
"ZacharyHite","31"
"JefferyPinson","31"
"LawrenceLawton","31"
"ShirleyAllen","31"
"DarleneRose","31"
"SalvadorTeel","30"
"MicheleGrant","30"
"StanleyScroggins","30"
"CaroleBarnett","30"
"KyleSpurlock","30"
"VioletRodriquez","30"
"RosaReynolds","30"
"WalterPerryman","30"
"JosephJoy","30"
"RamonaHale","30"
"JuanitaMason","30"
"CassandraWalters","30"
"MarilynRoss","30"
"TerrenceGunderson","30"
"JeffEast","30"
"MarcOutlaw","30"
"GloriaCook","30"
"WandaPatterson","30"
"MabelHolland","30"
"GeraldinePerkins","30"
"MonicaHicks","30"
"JordanArchuleta","30"
"CraigMorrell","30"
"TracyCole","30"
"RobertoVu","30"
"FlorenceWoods","30"
"GregRobins","30"
"TheresaWatson","30"
"GeraldFultz","30"
"JamesGannon","30"
"CarolynPerez","30"
"RyanSalisbury","30"
"SharonRobinson","30"
"ManuelMurrell","30"
"MarcusHidalgo","30"
"RaymondMcwhorter","30"
"RonaldWeiner","30"
"WendyHarrison","30"
"KathyJames","30"
"JoshuaMark","30"
"SarahLewis","30"
"TroyQuigley","30"
"ClarenceGamez","30"
"HeatherMorris","30"
"MichaelSilverman","29"
"CindyFisher","29"
"BeckyMiles","29"
"JoeGilliland","29"
"TeresaRogers","29"
"JennieTerry","29"
"MauriceCrawley","29"
"DebraNelson","29"
"JerryJordon","29"
"JamieRice","29"
"AmyLopez","29"
"JulieSanchez","29"
"AlvinDeloach","29"
"KenPrewitt","29"
"CliffordBowens","29"
"HermanDevore","29"
"ByronBox","29"
"TedBreaux","29"
"DanaHart","29"
"MiguelBetancourt","29"
"NinaSoto","29"
"TerranceRoush","29"
"AudreyRay","29"
"ClydeTobias","29"
"IsaacOglesby","29"
"ToddTan","29"
"MarionOcampo","29"
"CathySpencer","29"
"JimmySchrader","29"
"TerryCarlson","29"
"StevenCurley","29"
"RoyWhiting","29"
"ErikGuillen","29"
"DeborahWalker","29"
"HildaHopkins","29"
"JaimeNettles","29"
"LucilleHolmes","28"
"EdwardBaugh","28"
"FeliciaSutton","28"
"RubyWashington","28"
"JulianVest","28"
"EllenSimpson","28"
"TracyHerrmann","28"
"NoraHerrera","28"
"StephenQualls","28"
"JenniferDavis","28"
"AndreRapp","28"
"EvelynMorgan","28"
"MarioCheatham","28"
"EstherCrawford","28"
"EnriqueForsythe","28"
"JeremyHurtado","28"
"ReginaldKinder","28"
"SoniaGregory","28"
"BettyWhite","28"
"TinaSimmons","28"
"JaneBennett","28"
"BrandyGraves","28"
"JoyceEdwards","28"
"BillGavin","28"
"NathanielAdam","28"
"GinaWilliamson","28"
"GilbertSledge","28"
"EverettBanda","28"
"BessieMorrison","28"
"RandyGaither","28"
"BryanHardison","28"
"JasonMorrissey","28"
"LynnPayne","28"
"DerekBlakely","28"
"DennisGilman","28"
"PatsyDavidson","28"
"KristinaChambers","28"
"SandraMartin","28"
"JimmieEggleston","28"
"BrittanyRiley","28"
"NancyThomas","28"
"TraceyBarrett","27"
"EarlShanks","27"
"AmandaCarter","27"
"AmberDixon","27"
"YolandaWeaver","27"
"IanStill","27"
"JeanneLawson","27"
"RickMattox","27"
"AndrewPurdy","27"
"DarylLarue","27"
"AllisonStanley","27"
"CherylMurphy","27"
"DianaAlexander","27"
"EddieTomlin","27"
"MartinBales","27"
"MeganPalmer","27"
"VictoriaGibson","27"
"TerriVasquez","27"
"JanetPhillips","27"
"BradleyMotley","27"
"KathleenAdams","27"
"VirgilWofford","27"
"VelmaLucas","27"
"MistyLambert","27"
"PatriciaJohnson","27"
"CliftonMalcolm","27"
"KentArsenault","27"
"PaulineHenry","27"
"DeanSauer","27"
"LeeHawks","27"
"ErinDunn","27"
"EduardoHiatt","27"
"JennyCastro","27"
"JeanBell","27"
"KarenJackson","27"
"DeniseKelly","27"
"GeneSanborn","27"
"EricRobert","27"
"DaleRatcliff","27"
"CharleneAlvarez","27"
"RossGrey","27"
"LarryThrasher","26"
"MelvinEllington","26"
"AlanKahn","26"
"ErikaPena","26"
"DustinGillette","26"
"CarmenOwens","26"
"HectorPoindexter","26"
"MarkRinehart","26"
"BillieHorton","26"
"CarlaGutierrez","26"
"BenEaster","26"
"DavidRoyal","26"
"AprilBurns","26"
"ReneMcalister","26"
"SergioStanfield","26"
"MarieTurner","26"
"ArleneHarvey","26"
"ReneeLane","26"
"BrendaWright","26"
"DoloresWagner","26"
"LindaWilliams","26"
"CecilVines","26"
"ClaytonBarbee","26"
"PhillipHolm","26"
"ValerieBlack","26"
"EdnaWest","26"
"GabrielHarder","26"
"WillieHowell","26"
"ElmerNoe","26"
"ClaudiaFuller","26"
"JosephineGomez","26"
"FrancisSikes","26"
"JesseSchilling","26"
"MarleneWelch","26"
"CharlieBess","26"
"DeannaByrd","26"
"AlfredCasillas","26"
"ShellyWatts","26"
"HowardFortner","26"
"NormanCurrier","26"
"BeatriceArnold","26"
"IvanCromwell","26"
"MichealForman","26"
"DawnSullivan","26"
"GlenTalbert","26"
"KeithRico","26"
"MiriamMckinney","26"
"GeorgiaJacobs","26"
"WilliamSatterfield","26"
"JessieBanks","26"
"JayRobb","26"
"LucyWheeler","26"
"KathrynColeman","26"
"KimberlyLee","25"
"RickyShelby","25"
"ScottShelley","25"
"JackieLynch","25"
"KellyKnott","25"
"RonnieRicketts","25"
"JamieWaugh","25"
"LillianGriffin","25"
"LeonBostic","25"
"MiltonHowland","25"
"VincentRalston","25"
"WallaceSlone","25"
"WillieMarkham","25"
"GwendolynMay","25"
"AndyVanhorn","25"
"MelanieArmstrong","25"
"GailKnight","25"
"LeahCurtis","25"
"ErnestStepp","25"
"SidneyBurleson","25"
"BradMccurdy","25"
"ClaudeHerzog","25"
"BerthaFerguson","25"
"TravisEstep","25"
"GaryCoy","25"
"ChadCarbone","25"
"EdgarRhoads","25"
"FreddieDuggan","25"
"FernandoChurchill","25"
"DonBone","25"
"SethHannon","25"
"ConstanceReid","25"
"DanielleDaniels","25"
"LouiseJenkins","25"
"BethFranklin","25"
"VickiFields","25"
"JoseAndrew","25"
"AshleyRichardson","25"
"TamaraNguyen","25"
"JudyGray","25"
"DouglasGraf","25"
"DarrellPower","25"
"MildredBailey","25"
"ThomasGrigsby","25"
"ClintonBuford","25"
"KatieElliott","25"
"DorothyTaylor","25"
"StephanieMitchell","25"
"RichardMccrary","25"
"FredWheat","25"
"JonWiles","24"
"BobPfeiffer","24"
"MaxPitt","24"
"RobinHayes","24"
"PerrySwafford","24"
"SuzanneNichols","24"
"MyrtleFleming","24"
"SusanWilson","24"
"SamMcduffie","24"
"TyroneAsher","24"
"PeggyMyers","24"
"BobbieCraig","24"
"RitaGraham","24"
"LydiaBurke","24"
"CoryMeehan","24"
"BeverlyBrooks","24"
"ChristineRoberts","24"
"JohnnieChisholm","24"
"LisaAnderson","24"
"JesusMccartney","24"
"FelixGaffney","24"
"AnnetteOlson","24"
"ChesterBenner","24"
"JackFoust","24"
"AaronSelby","24"
"VictorBarkley","24"
"ElaineStevens","24"
"DarrenWindham","24"
"EmilyDiaz","24"
"RebeccaScott","24"
"ShannonFreeman","24"
"CharlotteHunter","24"
"ColleenBurton","24"
"PedroChestnut","24"
"RuthMartinez","24"
"ChristianJung","24"
"RodneyMoeller","23"
"VivianRuiz","23"
"CarlosCoughlin","23"
"ConnieWallace","23"
"DarrylAshcraft","23"
"RobertaHarper","23"
"LaurieLawrence","23"
"LeoEbert","23"
"JuanFraley","23"
"CalvinMartel","23"
"NatalieMeyer","23"
"KurtEmmons","23"
"RandallNeumann","23"
"MarshallThorn","23"
"MargaretMoore","23"
"GregoryMauldin","23"
"AlbertCrouse","23"
"DoraMedina","23"
"MarianMendoza","23"
"BruceSchwarz","23"
"IdaAndrews","23"
"AgnesBishop","23"
"SamanthaDuncan","23"
"JoelFrancisco","23"
"JeffreySpear","23"
"PhyllisFoster","23"
"GlennPullen","23"
"RonDeluca","23"
"StacyCunningham","23"
"PaulTrout","23"
"BenjaminVarney","23"
"CarlArtis","23"
"EmmaBoyd","23"
"LillieKim","23"
"ToniHolt","23"
"PamelaBaker","23"
"EdwinBurk","23"
"RolandSouth","23"
"PeterMenard","23"
"JoanCooper","23"
"BrentHarkins","23"
"SeanDouglass","23"
"DonaldMahon","23"
"IrenePrice","23"
"AnnePowell","23"
"HarveyGuajardo","22"
"KellyTorres","22"
"BarbaraJones","22"
"WadeDelvalle","22"
"StellaMoreno","22"
"RayHoule","22"
"RachelBarnes","22"
"CarolGarcia","22"
"AdamGooch","22"
"FranklinTroutman","22"
"CoreyHauser","22"
"FrancesParker","22"
"AndreaHenderson","22"
"ShaneMillard","22"
"PearlGarza","22"
"CodyNolen","22"
"WillardLumpkin","22"
"MattieHoffman","22"
"DerrickBourque","22"
"DwayneOlvera","22"
"BernardColby","22"
"TimothyBunn","22"
"ChrisBrothers","22"
"LancePemberton","22"
"KevinSchuler","22"
"EricaMatthews","22"
"FranciscoSkidmore","22"
"MathewBolin","22"
"NicolePeterson","22"
"DanPaine","22"
"LorettaCarpenter","22"
"DorisReed","22"
"LauraRodriguez","22"
"LeslieGordon","22"
"RoseHoward","22"
"AliciaMills","21"
"AllenButterfield","21"
"FrederickIsbell","21"
"AlbertoHenning","21"
"KimCruz","21"
"MaureenLittle","21"
"JacobLance","21"
"DeloresHansen","21"
"DannyIsom","21"
"NellieGarrett","21"
"RobertBaughman","21"
"HughWaldrop","21"
"RicardoMeador","21"
"AnnaHill","21"
"YvonneWatkins","21"
"SamuelMarlow","21"
"TylerWren","21"
"LorraineStephens","21"
"JillHawkins","21"
"DonnaThompson","21"
"JulioNoland","21"
"RubenGeary","21"
"TonyCarranza","21"
"MarvinYee","21"
"BonnieHughes","21"
"RafaelAbney","21"
"NormaGonzales","21"
"ArmandoGruber","21"
"LuisYanez","20"
"WilmaRichards","20"
"AnthonySchwab","20"
"TaraRyan","20"
"TerryGrissom","20"
"JoFowler","20"
"DanielCabral","20"
"AlfredoMcadams","20"
"LaurenHudson","20"
"JeanetteGreene","20"
"NelsonChristenson","20"
"HerbertKruger","20"
"OscarAquino","20"
"RaulFortier","20"
"KayCaldwell","20"
"KirkStclair","19"
"EdithMcdonald","19"
"JaredEly","19"
"JohnnyTurpin","19"
"EugeneCulpepper","19"
"AustinCintron","19"
"WayneTruong","19"
"VanessaSims","19"
"LloydDowd","19"
"AllanCornish","19"
"AdrianClary","19"
"LewisLyman","19"
"EileenCarr","18"
"LonnieTirado","18"
"PaulaBryant","18"
"KristenChavez","18"
"PennyNeal","18"
"IrmaPearson","18"
"EvaRamos","18"
"SheilaWells","18"
"VernonChapa","18"
"JonathanScarborough","18"
"HenryBillingsley","18"
"ChristinaRamirez","18"
"VeraMccoy","18"
"AnnieRussell","18"
"FloydGandy","17"
"KennethGooden","17"
"AnnEvans","17"
"DwightLombardi","17"
"MelindaFernandez","17"
"JoannGardner","16"
"AntonioMeek","16"
"LesterKraus","16"
"JeromeKenyon","16"
"AnitaMorales","15"
"CarolineBowman","15"
"TiffanyJordan","14"
"KatherineRivera","14"
"LeonaObrien","14"
"BrianWyman","12"
